expert_id,total_tokens_routed,unique_tokens_routed,top_50_tokens,top50_mass_pct,vocab_entropy,human_purity_score,human_category_label,human_syntactic_or_semantic,gemini_purity_score,gemini_category_label,gemini_syntactic_or_semantic,codex_purity_score,codex_category_label,codex_syntactic_or_semantic,opus_purity_score,opus_category_label,opus_syntactic_or_semantic
E000,58159,968,consisted(1.89); none(1.89); hundreds(1.89); portions(1.89); reminiscent(1.89); extent(1.89); moments(1.89); persons(1.89); amounts(1.89); anybody(1.89); thousands(1.89); consisting(1.89); deaths(1.89); anything(1.89); anywhere(1.89); those(1.89); [PAD](1.89); someone(1.70); anyone(1.63); %(1.60); parts(1.57); ones(1.57); onies(1.57); veterans(1.47); households(1.47); 232(1.47); number(1.47); pair(1.43); Also(1.43); scenes(1.42); remainder(1.40); victims(1.40); elements(1.36); terms(1.35); aims(1.30); individuals(1.30); couple(1.30); sections(1.30); members(1.27); things(1.24); allegations(1.21); children(1.19); residents(1.19); people(1.15); amount(1.15); olds(1.15); prisoners(1.15); 900(1.15); Much(1.15); reports(1.11),96.2,0.468,,,,8,quantifiers/amounts,semantic,5,quantity nouns,mixed,4,quantifiers/plural nouns,mixed
E001,2317,559,"""[(6.54); [(6.54); Where(6.46); want(6.24); What(6.22); think(6.07); And(6.05); didn(5.95); Like(5.80); Just(5.80); If(5.80); till(5.80); know(5.76); got(5.69); Off(5.66); Through(5.63); like(5.62); love(5.54); But(5.45); give(5.28); don(5.25); ""...(5.22); speak(5.12); say(5.12); tell(5.12); doing(5.08); see(5.02); done(4.95); ...(4.90); toward(4.80); pay(4.80); kill(4.80); thought(4.76); things(4.66); watch(4.66); what(4.63); how(4.59); do(4.54); call(4.54); put(4.54); make(4.45); me(4.34); if(4.34); oo(4.28); help(4.22); does(4.22); fact(4.22); just(4.20); than(4.09); wanted(4.08)",16.1,5.070,,,,7,dialogue/emotional,semantic,6,dialogue words,syntactic,6,informal/colloquial verbs,semantic
E002,1184,71,distant(7.09); hard(6.51); The(5.17); eastern(4.09); its(4.03); the(3.90); an(1.90); their(1.86); this(1.57); a(1.13); s(0.67); -(0.52); of(-2.88),94.6,1.414,,,,4,determiners/adjectives,mixed,2,mixed/unclear,mixed,4,adjectives/determiners,mixed
E003,2967,313,"informing(6.18); prompting(6.18); tells(6.18); According(6.13); tell(5.99); Among(5.96); told(5.96); prompted(5.92); starring(5.77); echoed(5.77); telling(5.77); alongside(5.68); according(5.68); asked(5.50); accused(5.45); convinced(5.45); Like(5.45); criticized(5.38); "";(5.38); praised(5.26); among(5.23); rejected(5.18); Under(5.18); invited(5.18); cited(5.01); warned(4.96); by(4.94); honor(4.92); despite(4.86); met(4.86); join(4.77); bing(4.77); With(4.69); leading(4.60); what(4.60); though(4.47); impressed(4.45); featuring(4.45); accompanied(4.45); producer(4.45); For(4.38); ,""(4.35); led(4.30); Both(4.28); following(4.26); described(4.22); because(4.12); with(4.12); including(4.00); Through(3.86)",31.5,3.804,,,,9,reporting/attribution,semantic,7,reporting verbs,semantic,6,attribution/alongside,syntactic
E004,3881,90,"might(5.33); would(5.31); will(5.21); could(5.17); but(5.07); And(4.99); To(4.97); should(4.93); may(4.93); cannot(4.79); and(4.78); while(4.69); can(4.63); must(4.63); helped(4.63); to(4.23); yet(4.06); did(3.95); or(3.89); does(3.89); even(3.34); not(3.31); d(2.91); then(2.91); rather(2.86); than(2.86); t(2.72); although(2.36); began(2.32); also(1.73); They(1.68); so(1.40); ;(1.19); as(1.16); before(0.77); only(0.70); ""(-0.25); has(-0.26); was(-1.04); ,(-1.31); had(-1.61); is(-1.85); with(-1.98); that(-2.53); of(-4.60)",98.6,1.886,,,,10,modal verbs,syntactic,9,modals,syntactic,7,modal/auxiliary verbs,syntactic
E005,1886,94,"or(5.11); yet(5.10); relatively(5.07); largely(4.96); /(4.85); and(4.78); slightly(4.33); more(4.29); mostly(3.84); very(3.59); ly(3.33); ,(3.19); but(3.09); ),(3.05); than(2.58); most(2.12); New(2.06); ""(1.68); while(1.31); ;(1.23); is(0.93); ((0.90); to(0.73); –(0.72); -(0.62); an(0.58); with(-0.36); as(-0.50); of(-1.82); '(-1.94); the(-4.29)",95.8,1.873,,,,9,adverbs/conjunctions,syntactic,8,connectives/scope,syntactic,5,degree adverbs/comparison,syntactic
E006,4836,1258,Jo(5.48); Brit(5.48); mead(5.48); Tik(5.48); Ign(5.48); Lom(5.48); Kok(5.48); MacL(5.48); Zam(5.48); Kaw(5.48); Vand(5.48); Lah(5.48); Wigg(5.48); Col(5.48); Ad(5.48); Pr(5.48); Par(5.48); Mus(5.48); Gand(5.48); eyew(5.48); Jas(5.48); McN(5.48); Chak(5.48); Rut(5.48); Sch(5.48); Mal(5.48); Hol(5.48); Mor(5.48); Mac(5.48); Mil(5.48); Pal(5.48); Ke(5.48); ny(5.48); Fle(5.48); Ir(5.48); Bal(5.48); Cro(5.48); Mat(5.48); Ot(5.48); Lamb(5.48); Hind(5.48); Aqu(5.48); Shir(5.48); Cav(5.48); Hes(5.48); Mull(5.48); Butter(5.48); Cly(5.48); Sah(5.48); Miz(5.48),7.8,6.309,,,,10,name fragments,syntactic,8,name fragments,syntactic,2,capitalized prefixes,mixed
E007,1605,86,Dr(7.07); Tr(7.07); Gr(7.07); Br(7.07); Ch(7.07); St(7.07); L(7.05); H(7.04); P(6.96); N(6.96); Th(6.93); Kr(6.92); D(6.88); W(6.86); R(6.85); J(6.73); M(6.71); G(6.69); K(6.63); B(6.61); S(6.54); Sh(6.52); C(6.45); T(6.40); V(6.28); Cl(6.22); Be(6.22); F(5.93); Q(5.93); Ste(5.90); Mc(5.88); Bl(5.85); E(5.67); Y(5.65); McC(5.52); gr(5.48); c(5.19); Z(5.09); Mr(5.07); Bo(5.00); De(4.42); f(4.32); d(4.18); l(4.10); p(3.82); st(3.44); b(3.16); h(2.63); U(2.53); A(1.80),96.8,3.518,,,,10,initials/fragments,syntactic,10,initial clusters,syntactic,8,capital letters/initials,syntactic
E008,2166,379,"reclassified(6.64); Historian(6.64); CEO(6.64); USS(6.64); entitled(6.64); website(6.64); albums(6.64); HMS(6.64); titled(6.47); ″(6.44); renamed(6.37); cruiser(6.37); memoirs(6.31); According(6.29); HMAS(6.27); founded(6.27); editor(6.22); drama(6.05); frigate(5.96); destroyer(5.90); ür(5.90); firm(5.90); producer(5.90); signature(5.86); designated(5.76); Operation(5.76); intersects(5.74); (""(5.64); artist(5.64); programme(5.64); publication(5.64); 1st(5.52); 3rd(5.52); submarine(5.50); album(5.40); according(5.36); named(5.35); sequel(5.22); called(5.16); Admiral(5.05); frigates(5.05); newspaper(5.05); published(4.98); include(4.95); 2nd(4.87); &(4.76); novel(4.76); name(4.75); films(4.64); film(4.52)",16.5,4.385,,,,9,titles/identifiers,semantic,7,naming/titles,semantic,6,titled/named entities,mixed
E009,225,48,Robert(8.90); Best(8.90); champion(8.68); John(7.06); northern(6.06); ).(5.98); between(4.28); of(3.57); .(3.45); The(3.35); with(1.71); to(0.92); the(-0.22),80.0,2.770,,,,5,names/awards,mixed,3,mixed/unclear,mixed,3,mixed proper nouns,mixed
E010,1699,1115,smooth(6.99); manga(6.72); hiking(6.57); funny(6.57); anime(6.50); engineers(6.50); ammunition(6.40); Period(6.31); stronger(6.25); exit(6.25); demographic(6.25); cruisers(6.25); colour(6.18); dead(6.14); fields(6.14); wounded(6.12); arms(6.11); flat(5.99); wreckage(5.99); azy(5.99); hy(5.99); books(5.82); ids(5.82); rocks(5.82); trees(5.76); rifle(5.76); fishing(5.76); food(5.72); artillery(5.66); winds(5.57); shallow(5.57); volunteers(5.57); better(5.53); roads(5.53); brown(5.53); aggressive(5.40); drums(5.40); buildings(5.40); battleships(5.40); wide(5.40); houses(5.29); capital(5.25); killed(5.24); successful(5.13); entrance(5.11); weapons(5.08); thick(5.06); engine(4.99); slow(4.99); fun(4.99),14.1,6.808,,,,3,mixed nouns/adj,mixed,2,mixed/unclear,mixed,4,mixed adjectives/nouns,mixed
E011,2437,389,Zh(6.47); NZ(6.47); Chak(6.47); Chi(6.47); Pap(6.47); Sn(6.47); sn(6.47); Ka(6.47); Sch(6.47); Z(6.47); Ch(6.47); Tw(6.47); Sc(6.47); def(6.47); Gu(6.47); ref(6.47); deb(6.47); Bu(6.47); Ho(6.47); Po(6.47); Ru(6.47); Ta(6.47); CH(6.47); Kw(6.47); Qu(6.47); Bo(6.47); sch(6.47); Ph(6.47); Co(6.47); Sp(6.47); Gr(6.47); thr(6.47); Sh(6.47); Th(6.47); Kn(6.47); Wa(6.47); Cab(6.47); Bh(6.47); Mas(6.47); spr(6.47); Rh(6.47); sh(6.47); cont(6.47); McC(6.43); Y(6.43); Hu(6.42); N(6.40); comm(6.39); Sw(6.37); amb(6.37),33.3,4.938,,,,10,subword fragments,syntactic,9,subword onsets,syntactic,2,word-initial bigrams,syntactic
E012,1194,124,"what(7.43); who(7.32); That(7.30); which(7.22); whom(7.17); What(6.76); that(6.01); officially(5.91); eventually(5.17); It(4.89); This(3.50); also(3.33); only(3.20); just(3.04); she(2.87); later(2.78); it(2.59); this(2.56); would(2.00); he(1.44); first(1.21); ""(1.21); had(1.09); as(0.16); '(-1.28); to(-1.48); ,(-1.93); and(-2.80)",90.5,2.507,,,,9,relative pronouns,syntactic,9,wh-pronouns,syntactic,7,relative pronouns,syntactic
E013,3541,1379,nominations(5.93); touchdowns(5.93); participating(5.93); cameo(5.93); Described(5.93); tackles(5.93); shortly(5.93); fullback(5.93); sacrificed(5.93); reclassified(5.93); concern(5.93); Shortly(5.93); arrested(5.93); ull(5.93); starred(5.79); convicted(5.70); appears(5.66); catches(5.66); died(5.62); reviews(5.61); dismantled(5.61); appearing(5.61); occur(5.61); yards(5.60); resulted(5.54); appeared(5.53); ranging(5.51); participated(5.51); augmented(5.51); peaked(5.51); losses(5.51); bombed(5.51); testify(5.51); receptions(5.51); occurs(5.51); forests(5.51); involved(5.49); located(5.44); released(5.41); resulting(5.40); rating(5.34); touchdown(5.34); difficulties(5.34); lanes(5.34); appear(5.34); filmed(5.34); injuries(5.34); victories(5.34); installed(5.34); indicted(5.34),11.5,6.646,,,,7,sports/achievements,semantic,6,event verbs,syntactic,5,mixed events/results,mixed
E014,3785,58,"'.""(5.83); ...""(5.83); ?""(5.83); .""(5.78); "".(5.66); .)(5.57); '.(5.42); .(5.12); !.(4.98); ).(4.84); :(3.64); Route(1.24); 5(1.17); ((0.48); ,(-1.53); ""(-2.14)",98.7,0.767,,,,10,punctuation,syntactic,10,punctuation,syntactic,7,sentence-end punctuation,syntactic
E015,2081,601,Beers(6.69); atsu(6.69); Guatemal(6.69); imo(6.69); ivo(6.69); eral(6.69); ny(6.69); ault(6.69); oul(6.69); vor(6.69); avig(6.69); rome(6.69); rik(6.69); ou(6.69); iv(6.69); ot(6.55); ude(6.47); ne(6.47); ose(6.45); om(6.43); raw(6.37); ave(6.37); é(6.28); aver(6.28); NA(6.28); amped(6.28); origin(6.25); á(6.23); tri(6.21); gan(6.21); ol(6.19); aga(6.11); gas(6.11); ur(6.11); í(6.11); oc(6.11); ug(6.11); ore(6.04); gri(5.99); ax(5.99); au(5.97); Prote(5.96); ut(5.96); amer(5.96); rif(5.96); ure(5.93); ung(5.92); ok(5.92); ce(5.89); ā(5.85),22.9,5.812,,,,10,suffixes/fragments,syntactic,2,subword fragments,syntactic,2,subword fragments,syntactic
E016,788,144,"defeating(8.10); resented(7.68); inning(7.68); !.(7.51); ""[(7.29); champion(7.29); defeated(6.77); beat(6.68); cost(5.98); between(5.59); defeat(5.51); ,""(5.45); Robert(5.36); upon(5.22); [(5.14); before(4.88); attacked(4.59); against(4.57); after(4.43); along(4.31); by(4.29); under(3.89); After(3.72); over(3.36); on(3.34); ).(3.32); while(3.31); when(3.26); with(3.12); for(2.75); .(2.74); .""(2.66); ((2.28); from(2.07); ""(2.05); which(2.03); to(1.74); of(1.73); at(1.49); that(1.19); ,(0.59); in(0.22); and(-0.20)",85.2,3.792,,,,8,competition/conflict,semantic,6,competition/combat,mixed,5,competition/defeating,mixed
E017,2239,122,"would(6.59); could(6.59); cannot(6.59); should(6.51); might(6.51); can(6.47); will(6.46); must(6.42); may(6.33); temporarily(6.17); To(6.15); easily(5.59); to(5.46); not(5.20); either(4.85); did(4.85); t(4.74); really(4.59); likely(4.37); does(4.27); help(4.27); never(3.70); rather(3.65); dis(3.32); ex(3.22); re(3.21); you(3.04); still(2.65); also(2.08); only(1.81); ""(1.00); they(1.00); or(0.93); and(-0.16); -(-0.72); ,(-4.58)",95.4,1.930,,,,9,modals/negation,syntactic,9,modals,syntactic,8,modal verbs,syntactic
E018,2176,126,"every(6.43); another(5.69); no(5.64); any(5.38); That(5.21); this(5.18); my(5.16); next(5.12); fifth(5.04); This(4.85); a(4.79); No(4.74); One(4.68); very(4.38); an(4.28); previous(4.20); relatively(4.13); per(4.04); Another(3.97); A(3.84); good(3.69); each(3.46); only(3.44); An(3.40); own(3.38); same(3.34); main(3.22); further(3.04); last(2.99); its(2.95); the(2.80); final(2.57); such(2.38); second(2.34); first(2.22); The(1.92); new(1.72); s(1.60); one(1.21); other(1.12); his(1.00); ""(0.92); that(0.53); their(0.40); '(-0.92); -(-1.09); ((-1.30); to(-1.93); of(-3.02)",95.8,2.507,,,,10,determiners/quantifiers,syntactic,8,determiners,syntactic,6,determiners/articles,syntactic
E019,2064,448,Easy(6.71); Artillery(6.29); knots(6.29); Up(6.29); ails(6.29); rones(6.12); Infantry(5.92); Tree(5.71); Guinea(5.71); People(5.71); Iraq(5.71); Ringo(5.71); Confessions(5.71); atives(5.71); Gold(5.29); Māori(5.20); Gulf(5.12); awi(5.12); sailors(5.12); Boys(5.12); ars(4.97); Beatles(4.97); Ocean(4.97); sons(4.90); abs(4.86); Mart(4.71); es(4.69); Zimbabwe(4.59); ab(4.44); Vietnam(4.38); les(4.31); 6th(4.20); ers(4.06); ans(4.04); Department(3.83); ry(3.83); Africa(3.83); ways(3.77); logists(3.75); oo(3.71); ts(3.71); al(3.71); World(3.68); Josephine(3.65); University(3.58); Australia(3.44); Burma(3.34); players(3.25); Japan(3.16); aru(3.09),13.9,2.817,,,,6,military/geography,semantic,2,mixed/unclear,mixed,3,mixed suffixes/nouns,mixed
E020,5231,514,wounding(5.36); obey(5.36); overthrow(5.36); relieve(5.36); Lieutenant(5.36); comprised(5.14); commanding(5.14); aboard(5.10); amongst(4.95); encountered(4.95); plus(4.95); forcing(4.95); comprising(4.95); join(4.95); escorted(4.88); Following(4.80); commanded(4.78); destroying(4.78); Under(4.78); Of(4.78); Given(4.78); Major(4.69); accused(4.63); convinced(4.63); prompting(4.63); instructed(4.63); ordered(4.63); under(4.61); Admiral(4.59); carrying(4.59); supporting(4.56); involving(4.56); meets(4.56); With(4.50); alongside(4.48); Colonel(4.46); by(4.44); included(4.43); assist(4.36); prompted(4.36); facing(4.36); replace(4.36); killing(4.36); including(4.30); joined(4.26); although(4.25); against(4.23); capturing(4.19); founded(4.19); approached(4.14),18.7,3.951,,,,9,military actions,semantic,8,military actions,semantic,5,military/commanding,mixed
E021,2912,200,"vast(5.79); considerable(5.53); overall(5.51); its(5.50); Its(5.40); respective(5.21); whose(5.07); Aboriginal(4.99); their(4.83); additional(4.72); any(4.70); significant(4.46); Other(4.40); no(4.39); financial(4.33); economic(4.33); surrounding(4.30); entire(4.30); some(4.22); combined(4.21); total(4.00); s(3.93); the(3.82); own(3.77); our(3.75); little(3.33); few(3.07); Spanish(2.96); his(2.96); these(2.90); other(2.81); much(2.80); more(2.66); Australian(2.34); further(2.30); most(2.30); The(2.26); same(2.18); main(2.07); former(2.01); many(1.62); an(1.60); this(1.59); her(1.53); Japanese(1.35); British(0.77); '(0.44); -(-0.64); and(-1.58); ""(-2.08)",93.3,2.181,,,,8,scale/scope adj,semantic,7,quantifier adjectives,syntactic,5,adjectives/determiners,mixed
E022,2866,250,ologically(6.23); pretty(6.23); seemed(6.23); seems(6.13); clearly(5.97); ably(5.97); quite(5.91); proved(5.72); is(5.68); perhaps(5.42); are(5.40); very(5.38); becomes(5.36); considered(5.28); be(5.27); apparently(5.23); deemed(5.23); look(5.23); almost(5.09); been(5.07); nearly(5.01); always(5.01); remains(4.85); something(4.82); was(4.79); not(4.71); become(4.65); bit(4.65); longer(4.65); were(4.62); really(4.55); remain(4.53); just(4.51); never(4.48); became(4.44); probably(4.42); actually(4.33); being(4.28); too(4.27); becoming(4.23); get(4.04); still(4.03); likely(4.01); remained(3.75); slightly(3.73); originally(3.69); now(3.59); felt(3.59); as(3.58); even(3.51),75.6,3.455,,,,10,appearance/certainty,semantic,8,hedge adverbs,syntactic,7,copula/state verbs,syntactic
E023,3516,1481,integration(5.94); navy(5.94); corps(5.94); boards(5.67); stocks(5.65); contribution(5.62); sessions(5.62); Appeals(5.62); crisis(5.62); pattern(5.52); treaty(5.52); Officials(5.52); fixture(5.52); remnants(5.45); detachment(5.35); PPV(5.35); fleet(5.31); jury(5.29); convoy(5.26); sequel(5.26); bombers(5.26); designation(5.26); earth(5.26); armies(5.20); concept(5.20); wheel(5.20); proceedings(5.20); tourists(5.20); whites(5.20); shortages(5.20); warfare(5.16); army(5.13); invasions(5.13); Plans(5.13); expedition(5.13); appeal(5.09); stock(5.04); rains(4.94); massacre(4.94); essay(4.94); alignment(4.94); colonies(4.94); armament(4.94); aims(4.94); combination(4.94); column(4.94); tank(4.94); window(4.94); resources(4.94); helicopter(4.94),6.8,6.835,,,,8,institutional nouns,semantic,3,mixed/unclear,mixed,6,collective/military nouns,mixed
E024,1921,1198,Easy(6.81); Help(6.81); Name(6.81); Streets(6.81); Up(6.81); outh(6.81); oo(6.75); Back(6.65); Off(6.44); Years(6.39); Performance(6.39); Come(6.39); ope(6.39); Age(6.39); Exit(6.35); Story(6.32); Blues(6.22); Gold(6.13); Baby(6.07); filters(6.07); opener(6.07); Good(5.81); Have(5.81); You(5.81); ame(5.81); Time(5.69); Race(5.67); Old(5.64); ry(5.60); God(5.59); dark(5.59); Golden(5.59); Mart(5.49); Through(5.49); Ringo(5.39); roll(5.22); ping(5.22); ism(5.03); lot(4.94); su(4.81); Day(4.81); fun(4.81); sound(4.81); Edge(4.69); pop(4.69); Music(4.59); guitar(4.56); rock(4.55); comedy(4.49); view(4.39),15.9,6.776,,,,7,music/titles,semantic,5,title words,mixed,5,titles/entertainment,mixed
E025,2054,78,"2004(5.71); 1981(5.49); Its(5.49); the(4.21); The(3.92); 2011(3.76); 2006(3.60); its(3.10); 2010(2.91); s(2.70); same(2.68); her(2.40); this(2.36); an(1.55); his(1.35); their(1.07); ""(0.12); -(-0.42); a(-0.71); '(-1.06)",96.9,1.146,,,,6,years/determiners,mixed,4,years/determiners,mixed,3,years/determiners,mixed
E026,1506,94,"via(5.16); of(4.65); for(4.35); With(4.21); Although(3.84); towards(3.25); -(2.71); ""(2.65); with(2.63); about(2.62); by(2.58); As(2.18); /(2.18); before(2.14); on(2.04); between(1.95); to(1.86); against(1.64); when(1.59); or(1.50); over(1.43); as(1.33); its(1.16); from(1.13); in(1.01); ((0.96); that(0.96); into(0.89); In(0.73); ,(0.58); which(0.51); and(0.23); an(-0.32); the(-0.61); at(-0.66); s(-0.68); '(-0.87); The(-1.30)",95.8,2.433,,,,10,prepositions,syntactic,10,prepositions,syntactic,3,mixed prepositions,syntactic
E027,2637,947,examining(6.35); constitute(6.35); pleaded(6.35); upheld(6.35); testified(6.35); Given(6.35); ensured(6.35); adds(6.35); appealed(6.35); realize(6.35); demanding(6.35); maintaining(6.35); hoping(6.35); asserted(6.35); possessed(6.35); considering(6.35); advised(6.35); suggesting(6.35); hoped(6.35); ensure(6.35); determine(6.35); requested(6.35); assumed(6.35); learn(6.35); prove(6.35); discovers(6.35); demanded(6.35); confess(6.35); insisted(6.35); realized(6.35); seeing(6.35); achieve(6.35); argued(6.35); showing(6.35); secure(6.35); recommended(6.35); finding(6.35); expressed(6.35); accept(6.35); noting(6.35); maintain(6.35); establish(6.35); discover(6.35); claimed(6.35); decided(6.30); agreed(6.27); showed(6.25); claiming(6.23); suggested(6.20); says(6.20),11.9,6.243,,,,10,legal/cognitive verbs,semantic,8,argument verbs,semantic,8,cognitive/speech verbs,semantic
E028,1233,417,"Beginning(7.45); charts(7.45); especially(7.09); yellow(7.03); mph(6.82); "")(6.71); effective(6.71); emphasis(6.45); brown(6.31); attention(6.31); gray(6.23); particularly(6.23); inches(6.07); Afghanistan(6.03); charge(6.03); responsibility(5.86); duties(5.86); mm(5.82); favor(5.71); )(5.67); Spain(5.57); Kingdom(5.45); rather(5.25); Iraq(5.19); control(5.08); miles(5.03); according(4.95); press(4.86); known(4.78); Africa(4.57); formed(4.50); built(4.47); %(4.40); Britain(4.40); boats(4.39); role(4.33); h(4.23); ""(4.19); such(4.01); even(3.99); south(3.97); ft(3.86); —(3.83); west(3.81); mi(3.75); command(3.57); feet(3.57); again(3.50); RAAF(3.48); north(3.41)",39.9,4.468,,,,5,measurements/descriptions,mixed,4,mixed/unclear,mixed,4,mixed adjectives/nouns,mixed
E029,2379,975,participating(6.50); jumping(6.50); enrolled(6.50); sitting(6.50); starring(6.50); engage(6.50); dressed(6.50); starred(6.50); operate(6.50); interested(6.50); operating(6.50); assisted(6.50); qualified(6.50); cing(6.50); operated(6.38); flying(6.38); participated(6.31); assist(6.24); scoring(6.24); operates(6.18); serving(6.14); write(6.09); ashing(6.09); raced(6.09); employing(6.09); ranging(6.09); stationed(6.09); wrapped(6.09); portrayed(6.09); casting(6.09); fought(6.04); advancing(6.02); living(6.02); resulted(6.00); accompanied(5.99); playing(5.98); resulting(5.97); commanded(5.92); stayed(5.92); competed(5.92); engaged(5.92); rushed(5.92); iting(5.92); involved(5.86); sing(5.82); deploy(5.82); performed(5.81); flew(5.76); starting(5.76); visiting(5.76),13.9,6.328,,,,10,participation verbs,semantic,9,verb forms,syntactic,7,participial verbs,syntactic
E030,3184,1371,Believe(6.08); blade(6.08); Name(6.08); Armoured(6.08); Offensive(6.08); Aviation(6.08); Committee(6.08); Rebellion(6.08); Soldier(6.08); Personnel(6.08); rones(6.08); Party(6.08); Society(6.08); Task(6.08); vation(6.08); Admiralty(6.08); Women(6.08); Heavyweight(6.08); Friends(6.08); Order(6.08); Bangladesh(6.08); Floor(6.08); Reconstruction(6.08); Settle(6.08); Confessions(6.08); Churches(6.08); Night(6.08); People(6.08); Story(6.08); Research(6.08); Justice(6.08); Operations(6.08); Fire(6.08); Cloud(6.08); Impact(6.08); Youth(6.08); Action(6.08); Family(6.08); Nations(6.08); Transport(6.08); Television(6.08); Files(6.08); Wrestling(6.08); Rights(6.08); Reserve(6.08); Performance(6.08); Register(6.08); Us(6.08); Symphony(6.08); Herald(6.08),8.3,6.781,,,,8,proper nouns,semantic,7,titlecase nouns,mixed,5,capitalized compound nouns,mixed
E031,958,125,"Have(7.81); Where(7.74); Are(7.55); &(7.52); Streets(7.49); Still(7.40); Can(7.40); Against(7.08); ll(6.81); !,(6.81); You(6.81); Come(6.40); Be(6.23); ...(4.75); :(4.48); With(4.44); t(4.32); and(4.21); or(4.16); John(3.97); I(3.91); It(3.32); .(3.05); ).(3.04); but(2.78); –(2.43); while(2.29); ""(2.05); with(1.84); )(1.43); of(1.16); by(0.38); to(0.34); on(0.33); for(0.08); ,(-0.03); '(-0.22); as(-0.52); in(-1.76); the(-3.31)",89.0,2.988,,,,5,mixed/dialogue,mixed,4,mixed/unclear,mixed,4,mixed punctuation/words,mixed
E032,1193,51,"...""(7.50); .'(7.50); [...](7.50); ?""(7.50); ""[(7.50); ...(7.31); ?(7.23); ""...(7.17); "")(7.17); !""(7.08); “(7.08); !(6.80); ""(6.65); ](6.15); [(5.71); )(5.09); ’(4.95); '(4.02); "",(3.19); .(2.11); .""(2.06); which(0.84); ((-0.44); ,(-1.44)",97.2,1.730,,,,10,nested punctuation,syntactic,10,quotes/punctuation,syntactic,7,quotation/punctuation,syntactic
E033,3495,438,examining(5.95); overthrow(5.95); involve(5.95); opposing(5.62); commit(5.46); promote(5.36); among(5.22); supported(5.21); ising(5.21); involving(5.14); supporting(5.14); improve(5.14); prevent(4.95); establishing(4.95); ize(4.72); address(4.72); ise(4.72); studied(4.72); against(4.70); lacked(4.53); adopted(4.53); ban(4.49); whether(4.36); represented(4.25); protect(4.25); for(4.24); towards(4.15); allow(4.07); upon(4.07); forcing(3.95); about(3.95); without(3.83); employed(3.83); For(3.82); by(3.81); of(3.72); reduced(3.72); using(3.67); ate(3.55); between(3.49); with(3.48); within(3.44); include(3.41); under(3.32); allowed(3.28); including(3.27); support(3.26); Although(2.95); taking(2.95); that(2.91),56.2,3.702,,,,9,social action verbs,semantic,7,action verbs,syntactic,6,purpose/action verbs,syntactic
E034,2471,934,healthcare(6.45); salvage(6.45); surveillance(6.45); bail(6.45); auction(6.45); fitting(6.45); immigration(6.45); elimination(6.45); integration(6.45); entertainment(6.45); application(6.45); assembly(6.45); qualifying(6.45); bombardment(6.45); inclusion(6.45); manufacturing(6.45); printing(6.45); scholarship(6.45); parking(6.45); navigation(6.45); photography(6.45); conversion(6.45); restoration(6.45); funding(6.45); management(6.45); apping(6.45); composition(6.45); entry(6.45); casting(6.45); audio(6.45); transition(6.45); housing(6.45); maintenance(6.45); testing(6.45); adaptation(6.45); treatment(6.45); creation(6.45); production(6.45); ization(6.45); education(6.45); sales(6.45); isation(6.45); design(6.36); construction(6.33); security(6.31); broadcast(6.28); news(6.28); investigation(6.27); research(6.25); fishing(6.22),13.9,6.326,,,,10,industry/sectors,semantic,10,nominalizations,syntactic,8,process/activity nouns,semantic
E035,4632,118,The(4.59); the(4.25); entire(4.22); pound(3.95); These(3.75); surrounding(3.63); separate(3.54); original(3.29); main(2.40); these(1.87); new(1.63); its(1.44); five(1.29); other(1.03); This(0.95); their(0.48); two(0.10); s(-0.10); his(-0.60); an(-1.94),97.5,0.859,,,,8,determiners/adj,mixed,4,determiners,syntactic,4,articles/determiners,syntactic
E036,3446,28,"The(4.57); the(4.28); our(3.51); his(1.60); their(1.44); its(1.28); s(0.94); an(0.07); ""(-1.74); that(-2.35); '(-2.39); of(-3.42)",99.4,0.688,,,,10,determiners,syntactic,7,possessives/articles,syntactic,4,articles/determiners,syntactic
E037,2857,1129,founding(6.24); closest(6.24); wealthy(6.24); loyal(6.24); external(6.24); ultimate(6.24); burning(6.24); extraordinary(6.24); ensuing(6.24); greater(6.24); upper(6.24); residential(6.24); astic(6.24); equal(6.24); vast(6.24); immediate(6.24); superior(6.24); disastrous(6.24); democratic(6.24); lower(6.12); real(6.06); dry(6.04); imperial(6.01); ranking(5.97); fixed(5.91); atorial(5.91); intermediate(5.91); overall(5.86); civilian(5.82); distant(5.82); traditional(5.82); agricultural(5.82); Turkish(5.82); negative(5.82); wider(5.82); revolutionary(5.82); legitimate(5.82); retreating(5.82); enduring(5.82); present(5.80); joint(5.75); current(5.73); middle(5.71); Imperial(5.68); secret(5.65); atory(5.65); southern(5.65); respective(5.65); surrounding(5.65); actual(5.65),9.9,6.525,,,,10,descriptive adjectives,semantic,8,adjectives,syntactic,8,attributive adjectives,syntactic
E038,4445,137,"Beautiful(5.60); Greatest(5.60); .'(5.60); '.(5.60); .)(5.60); !.(5.43); Best(5.41); ).(5.37); [...](5.28); .""(5.27); %.(5.18); .(5.09); "".(5.09); ?(4.60); !(4.22); entitled(4.18); ...(3.54); Chief(3.28); Early(3.01); °(2.94); album(2.55); ""(1.95); No(1.62); :(0.95); t(0.94); /(0.61); ((-0.75); -(-1.12); The(-1.16); '(-1.44); the(-3.72); of(-3.79)",97.2,1.002,,,,6,superlatives/punct,mixed,8,punctuation,syntactic,3,mixed punctuation/titles,mixed
E039,3645,1237,ington(5.89); Hurley(5.89); Calder(5.89); jin(5.89); Willow(5.89); Coral(5.89); oll(5.89); ux(5.89); oes(5.89); mont(5.89); Somer(5.89); una(5.89); Ferry(5.89); Cedar(5.89); Lambert(5.89); Birmingham(5.89); dale(5.89); Warren(5.89); Bard(5.89); ivo(5.89); Christchurch(5.89); Hind(5.89); Wake(5.89); iba(5.89); Slater(5.89); Isle(5.89); Hammer(5.89); oda(5.89); Powers(5.89); stown(5.89); Crystal(5.89); Henderson(5.89); Halifax(5.89); Newark(5.89); oba(5.89); Petersburg(5.89); Florence(5.89); Moresby(5.89); Quinn(5.89); Stock(5.89); Waters(5.89); Harbor(5.89); Norfolk(5.89); gon(5.89); Ewing(5.89); Landing(5.89); unga(5.83); Trenton(5.82); ville(5.80); Point(5.79),8.8,6.526,,,,9,place names,semantic,7,place names,semantic,6,place name suffixes,syntactic
E040,3200,134,"Russian(5.01); the(4.27); Spanish(4.15); southern(3.90); entire(3.75); 1st(3.69); northern(3.65); Allied(3.57); Second(3.57); First(3.55); main(3.15); western(3.13); French(2.94); The(2.94); gun(2.75); Australian(2.50); s(2.34); British(2.22); Japanese(2.06); German(1.96); an(1.91); American(1.68); their(1.30); /(1.09); this(0.94); its(0.88); his(0.58); US(0.42); -(0.29); her(0.17); ((-0.44); ""(-0.89); by(-1.36); of(-1.65); a(-2.26); '(-2.70); .(-3.70); to(-3.91); and(-4.22)",96.2,1.216,,,,8,nationality/military,semantic,8,demonyms/regions,semantic,5,nationality adjectives,mixed
E041,1781,64,"'(6.35); -(6.18); similarly(5.92); ‑(5.85); ’(4.79); –(3.47); half(2.89); /(2.67); New(1.15); to(-2.06); ,(-3.02); of(-3.47)",96.5,1.190,,,,6,dashes/symbols,syntactic,9,hyphen/apostrophe,syntactic,4,hyphens/punctuation,syntactic
E042,3317,1218,trapping(6.02); precipitation(6.02); trunkline(5.83); brake(5.66); flesh(5.61); arus(5.61); snow(5.61); sters(5.61); It(5.32); roadway(5.28); Disc(5.28); wheel(5.28); concept(5.28); embassy(5.28); IV(5.28); route(5.24); 141(5.21); range(5.08); designation(5.02); vault(5.02); Alliance(5.02); cation(5.02); economy(5.02); trail(5.02); pyramid(5.02); expressway(5.02); alignment(5.02); median(5.02); cap(4.98); highway(4.93); 82(4.88); temple(4.80); knowledge(4.80); terrain(4.80); verse(4.80); structure(4.76); Homer(4.76); 29(4.76); library(4.70); beam(4.70); tomb(4.70); Hospital(4.70); mill(4.66); population(4.63); SpongeBob(4.63); floor(4.62); version(4.62); Project(4.61); Trail(4.61); strategy(4.61),13.9,6.238,,,,7,infrastructure/physical,semantic,3,mixed/unclear,mixed,4,mixed nouns/structures,mixed
E043,2598,487,Nationalist(6.37); Javan(6.37); Yuan(6.37); Cherokee(6.37); Aboriginal(6.37); Boer(6.37); guerrilla(6.37); Malaysian(6.37); Khmer(6.37); Qing(6.37); Victorian(6.37); Maya(6.37); Swiss(6.37); Mongol(6.37); nationalist(6.37); Revolutionary(6.37); Iraqi(6.37); Rhodesian(6.37); ayan(6.37); Indonesian(6.37); Protestant(6.37); Communist(6.37); communist(6.37); Continental(6.37); Allied(6.37); Arab(6.37); Commonwealth(6.37); Labor(6.37); colonial(6.37); Federal(6.37); Indones(6.37); Imperial(6.37); otic(6.37); Turkish(6.37); Nazi(6.37); ethnic(6.37); Asian(6.37); imperial(6.37); Vietnamese(6.37); Czech(6.37); Persian(6.37); Confederate(6.37); Indian(6.37); European(6.37); civil(6.37); German(6.37); Japanese(6.37); Latin(6.37); Viet(6.37); African(6.37),25.4,5.091,,,,10,ethnicity/ideology,semantic,10,nationalities,semantic,9,nationality/ethnic adj,semantic
E044,4335,1722,十(5.64); 竹(5.64); 齋(5.64); Alma(5.64); Riverside(5.64); Goebbels(5.64); iba(5.64); Stephens(5.64); NA(5.64); ya(5.64); ami(5.64); Wilson(5.64); Jean(5.64); Miller(5.64); Hart(5.64); wan(5.64); hl(5.64); ora(5.64); ala(5.64); Button(5.64); Hurley(5.64); Baden(5.64); mie(5.64); Sutherland(5.64); Morgan(5.64); Warner(5.64); Russell(5.64); Rodriguez(5.64); Dickinson(5.64); Warren(5.64); Kings(5.64); chi(5.64); Cheng(5.64); Ewing(5.64); Quinn(5.64); Powers(5.64); Victory(5.64); erner(5.64); eland(5.64); elle(5.64); Hunter(5.64); oh(5.64); Bask(5.64); Edmund(5.64); Grove(5.64); Dennis(5.64); Florence(5.64); iang(5.64); Slater(5.64); Rwanda(5.64),4.4,6.974,,,,8,surnames/kanji,semantic,4,name tokens,mixed,3,mixed names/subwords,mixed
E045,2650,1245,erner(6.35); akon(6.35); Button(6.35); Rowland(6.35); elli(6.35); uto(6.35); Price(6.35); Pearson(6.35); Bailey(6.35); Ray(6.35); Wilson(6.35); vor(6.35); Moore(6.35); Russell(6.35); Wright(6.35); Morgan(6.35); Robinson(6.35); Stacy(6.35); Travers(6.35); hi(6.35); mann(6.35); agan(6.15); ini(6.08); Brown(6.08); itt(6.02); McCarthy(6.02); Cruise(6.02); berg(6.02); ari(6.02); Roberts(6.02); Bowen(5.93); bitt(5.93); ledge(5.93); aney(5.93); Hyde(5.93); ree(5.93); Dennis(5.93); Murdoch(5.93); iner(5.93); Kim(5.93); Carter(5.93); Jones(5.93); ils(5.93); Edwards(5.93); thal(5.93); Vernon(5.93); š(5.93); Croft(5.86); cz(5.86); hn(5.86),7.1,6.745,,,,10,surnames,semantic,9,surnames,semantic,6,surnames,syntactic
E046,1435,624,camer(7.23); Esk(7.23); metamorph(7.23); Myc(7.23); Androm(7.23); Cors(7.23); Som(7.23); Lah(7.23); Ign(7.23); Vand(7.23); Hous(7.23); Esc(7.23); Rum(7.23); eyew(7.23); Equ(7.23); pac(7.23); Prom(7.23); conting(7.23); Aqu(7.23); Shin(7.23); Cav(7.23); ropol(7.23); Sac(7.23); Patri(7.23); Mom(7.23); domin(7.23); Prote(7.23); Ok(7.23); Lan(7.23); Ep(7.23); Vis(7.23); Cop(7.23); Mes(7.23); Kn(7.23); Mach(7.23); Sn(7.23); Mess(7.23); Hom(7.23); Tw(7.23); Cr(7.23); Mag(7.23); Cam(7.23); hom(7.23); reg(7.23); Indi(7.23); Sc(7.23); Bl(7.23); Pr(7.23); quar(7.23); Min(7.23),17.6,6.080,,,,10,prefix fragments,syntactic,1,subword fragments,syntactic,2,capitalized prefixes,mixed
E047,1373,620,belonged(7.29); emerged(6.97); Afghanistan(6.88); gone(6.88); ently(6.56); sailed(6.49); runs(6.34); specifically(6.29); extensively(6.29); remain(6.18); regularly(6.07); referred(6.03); remained(6.01); once(5.97); Korea(5.88); frequently(5.88); Guadalcanal(5.82); shortly(5.79); rather(5.77); going(5.71); times(5.71); Europe(5.71); occurred(5.56); 1994(5.56); appear(5.39); appears(5.29); primarily(5.29); Britain(5.25); missions(5.18); seen(5.12); mainly(5.07); Germany(5.02); waters(4.97); inches(4.92); involved(4.90); went(4.88); made(4.86); go(4.83); region(4.75); together(4.71); far(4.71); Iraq(4.71); appeared(4.65); 2007(4.59); played(4.57); even(4.57); process(4.56); Township(4.54); held(4.51); instead(4.42),21.7,5.888,,,,7,narrative adverbs/verbs,semantic,5,time/motion,mixed,5,location/movement adverbs,mixed
E048,4169,283,disastrous(5.69); ensuing(5.69); ongoing(5.28); Second(5.06); gubernatorial(4.95); joint(4.88); unsuccessful(4.69); secret(4.69); 2004(4.69); 1984(4.58); annual(4.33); Prague(4.28); The(4.27); 1985(4.21); 1996(4.11); Great(4.04); the(4.02); First(3.98); subsequent(3.95); 2011(3.91); Vietnam(3.78); previous(3.74); resulting(3.58); overall(3.58); 1993(3.37); 2006(3.31); proposed(3.28); 2010(3.11); 2000(3.11); 2012(3.11); combined(2.95); its(2.82); Russian(2.75); major(2.75); 2008(2.74); June(2.69); international(2.47); this(2.46); successful(2.42); late(2.40); German(2.39); Rhodesian(2.23); an(2.21); same(2.08); World(2.08); federal(1.99); February(1.99); United(1.82); new(1.78); s(1.78),89.3,1.810,,,,8,event descriptions,semantic,5,period adjectives,mixed,4,adjectives/years,mixed
E049,1892,933,Faire(6.83); calder(6.83); camer(6.83); stel(6.83); hierogly(6.83); Javan(6.83); sensu(6.83); hypoc(6.83); hap(6.83); bayon(6.83); Compos(6.83); nav(6.83); pec(6.83); dyn(6.83); mat(6.83); whis(6.83); glam(6.83); pac(6.83); gly(6.83); blank(6.83); sham(6.83); dum(6.83); testim(6.83); refere(6.83); flav(6.83); pic(6.83); suspic(6.83); fant(6.83); Patri(6.83); slop(6.83); ugg(6.83); oxy(6.83); nucle(6.83); Sciento(6.83); haz(6.83); subsid(6.83); Hom(6.83); Pac(6.83); pil(6.83); oph(6.83); alleg(6.83); hus(6.83); mod(6.83); sle(6.83); psych(6.83); rhy(6.83); log(6.83); bot(6.83); cul(6.83); clim(6.83),13.5,6.500,,,,10,etymological roots,syntactic,1,subword fragments,syntactic,2,subword fragments,mixed
E050,4059,81,"acre(4.99); the(4.24); nearby(4.23); entire(4.15); The(3.99); its(3.53); annual(3.15); present(3.07); our(2.86); new(2.70); s(2.54); their(2.31); same(1.70); his(1.24); this(0.60); her(0.57); New(0.37); '(0.23); an(0.12); a(-1.08); -(-1.57); ""(-1.75); of(-2.44); .(-2.93); in(-3.26)",98.3,1.028,,,,6,land/area,mixed,4,determiners,syntactic,4,articles/determiners,syntactic
E051,4889,1667,ident(5.46); Hercules(5.46); Baghdad(5.46); Speedway(5.46); Ethiopia(5.46); Landing(5.46); mul(5.46); Vikings(5.46); Squadrons(5.46); anga(5.46); Track(5.46); Brisbane(5.46); Strait(5.46); Jazz(5.46); Halifax(5.46); Bangladesh(5.46); Rivers(5.46); Christchurch(5.46); Acapulco(5.46); Farm(5.46); Cardiff(5.46); Cemetery(5.46); peninsula(5.46); Afghanistan(5.46); Birmingham(5.46); Ontario(5.46); Moresby(5.46); Belgium(5.46); Isles(5.46); Palestine(5.46); Guard(5.46); Peru(5.46); DC(5.46); una(5.46); alia(5.46); Movement(5.46); Sinai(5.46); Anglesey(5.46); Somme(5.46); Iraq(5.40); Mexico(5.33); Charleston(5.32); Headquarters(5.29); Indies(5.29); Peninsula(5.29); Township(5.29); Holby(5.29); Wing(5.29); Guinea(5.27); Darwin(5.27),5.6,6.851,,,,9,proper names,semantic,9,geographic names,semantic,6,place names/geography,semantic
E052,2754,325,employing(6.29); Using(6.29); comprising(6.29); contains(6.29); containing(6.29); contain(6.29); includes(6.12); lacked(6.10); using(6.06); bears(6.03); offers(6.03); contained(5.97); featuring(5.97); displays(5.97); creating(5.87); Among(5.80); underwent(5.80); features(5.79); create(5.76); uses(5.55); wear(5.55); bearing(5.55); ned(5.55); producing(5.55); comprised(5.48); include(5.43); with(5.14); providing(5.07); carrying(5.03); takes(4.97); provides(4.97); employed(4.91); adopted(4.87); produced(4.76); included(4.50); carries(4.29); via(4.29); among(4.25); given(4.17); carried(4.15); provide(4.12); including(3.84); created(3.80); of(3.79); featured(3.79); by(3.61); used(3.61); are(3.61); into(3.61); provided(3.55),59.3,3.676,,,,10,inclusion verbs,semantic,8,inclusion verbs,syntactic,7,containing/featuring verbs,semantic
E053,2324,412,explicitly(6.53); openly(6.53); suddenly(6.53); repeatedly(6.53); formally(6.53); closely(6.53); gradually(6.31); always(6.31); reportedly(6.21); merely(6.21); successfully(6.21); effectively(6.12); ultimately(6.07); subsequently(5.97); accidentally(5.95); briefly(5.95); eventually(5.95); officially(5.95); easily(5.95); really(5.86); frequently(5.86); soon(5.83); currently(5.80); strongly(5.80); consequently(5.80); also(5.74); publicly(5.73); ically(5.73); quickly(5.66); never(5.65); actually(5.63); often(5.57); already(5.53); specifically(5.53); narrow(5.53); initially(5.47); wid(5.36); longer(5.36); generally(5.36); then(5.31); probably(5.31); regularly(5.31); mainly(5.31); usually(5.21); sometimes(5.16); slowly(5.12); just(5.01); still(5.01); now(4.98); rapidly(4.95),23.1,4.669,,,,10,adverbs,syntactic,10,adverbs,syntactic,8,manner adverbs,syntactic
E054,2583,1351,unfit(6.38); disorganized(6.38); mined(6.38); hostile(6.38); reviews(6.06); intact(6.06); 1919(6.06); dismantled(6.06); exposed(6.02); overnight(5.97); smooth(5.97); participate(5.97); beautiful(5.97); confused(5.97); painted(5.97); wary(5.97); ome(5.97); thick(5.94); brown(5.92); sex(5.80); rebuilt(5.80); injured(5.73); damaged(5.73); impossible(5.70); 1940(5.70); visible(5.70); stronger(5.65); eastward(5.65); conceived(5.65); resolved(5.65); higher(5.65); impressed(5.65); aging(5.65); carved(5.65); 1911(5.65); available(5.60); influenced(5.57); destroyed(5.55); decorated(5.53); repaired(5.53); successful(5.52); better(5.51); ized(5.51); collapsed(5.38); impact(5.38); flat(5.38); active(5.38); 1930(5.38); unsuccessful(5.38); closer(5.38),9.8,6.831,,,,8,condition adjectives,semantic,7,state adjectives,syntactic,5,adjectives/participles,mixed
E055,3121,395,disliked(6.11); Unlike(6.11); praised(5.83); starring(5.69); featuring(5.59); alongside(5.52); promote(5.52); Like(5.37); criticized(5.30); involving(5.30); develop(5.26); replacing(5.11); like(5.08); featured(5.02); titled(4.94); liked(4.89); include(4.84); calling(4.79); uses(4.79); contains(4.73); playing(4.59); including(4.55); called(4.52); Following(4.48); For(4.44); create(4.41); described(4.41); singer(4.37); features(4.34); wanted(4.23); rated(4.23); watch(4.23); With(4.16); Sonic(4.14); gave(4.11); behind(4.06); Super(3.99); ranked(3.97); recorded(3.97); includes(3.94); about(3.93); than(3.91); directed(3.89); While(3.85); included(3.81); [(3.74); produced(3.73); with(3.70); how(3.68); covered(3.61),18.8,3.985,,,,8,comparison/reaction,semantic,8,media verbs,semantic,5,featuring/comparison,mixed
E056,2472,84,"early(5.39); late(4.92); mid(4.77); Late(4.71); entire(4.54); the(4.40); United(4.31); Second(3.94); [UNK](3.72); northern(3.34); southern(3.28); own(3.20); pre(3.08); this(2.76); its(1.61); -(1.19); that(0.79); s(0.37); an(0.19); The(-0.43); ((-1.49); ""(-2.26)",96.8,0.839,,,,9,temporal/spatial,semantic,7,temporal modifiers,syntactic,4,temporal/period adj,mixed
E057,2710,47,"In(6.22); By(5.69); From(5.67); in(5.65); Between(5.31); Around(5.31); late(4.02); early(3.45); between(3.10); from(2.80); until(2.51); by(2.20); around(2.02); during(1.94); through(1.53); into(1.27); of(0.59); New(0.54); to(-0.16); at(-0.51); an(-0.75); ((-0.88); on(-0.95); and(-1.17); for(-1.42); as(-1.60); -(-1.67); ,(-1.68)",99.2,1.291,,,,10,prepositions,syntactic,10,time prepositions,syntactic,7,temporal prepositions In/By,syntactic
E058,2727,285,versus(6.30); beating(5.98); retain(5.82); champion(5.82); faced(5.76); beat(5.63); assaulted(5.57); comprised(5.50); helped(5.46); defeated(5.42); attend(5.30); broke(5.30); join(5.30); against(5.20); ranked(5.17); toured(5.08); challenged(5.08); ming(4.98); leave(4.89); joined(4.86); to(4.65); allow(4.43); injured(4.43); alongside(4.30); causing(4.08); onto(4.04); towards(3.81); behind(3.77); reached(3.67); by(3.64); left(3.44); face(3.43); led(3.42); with(3.27); between(3.26); played(3.26); since(3.25); at(3.22); from(3.20); saw(3.17); defeat(3.13); gave(2.89); including(2.86); old(2.80); play(2.76); over(2.74); for(2.68); before(2.28); than(2.27); both(2.25),64.4,3.253,,,,9,competition,semantic,8,competition verbs,semantic,6,competition/action verbs,semantic
E059,2260,399,scientific(6.58); His(6.50); personal(6.28); my(6.25); his(6.17); Their(6.16); collective(6.16); false(6.09); Her(5.99); your(5.99); expressed(5.99); her(5.90); Such(5.77); aggressive(5.73); whose(5.70); their(5.57); religious(5.48); ious(5.35); our(5.29); subsequent(5.25); political(5.23); controversial(5.16); academic(5.16); s(5.15); legal(5.12); own(5.03); Nazi(4.99); alleged(4.99); potential(4.99); vocal(4.84); public(4.71); economic(4.70); musical(4.58); ](4.12); such(4.03); its(3.89); no(3.71); former(3.60); these(3.56); various(3.52); world(3.35); These(3.33); strong(3.21); any(3.06); ’(3.03); '(3.02); total(2.95); German(2.79); new(2.67); ing(2.52),66.4,3.784,,,,8,possessives/adj,mixed,7,possessives/adjectives,syntactic,7,possessive/personal adj,syntactic
E060,2752,457,Tō(6.29); Article(6.29); IN(6.29); CN(6.29); CH(6.29); Blu(6.29); Inc(6.29); Mr(6.29); ♭(6.29); var(6.29); Ph(6.29); PC(6.29); Zh(6.17); O(6.16); Bros(6.07); Si(5.99); 370(5.97); Ta(5.94); M(5.92); U(5.91); I(5.89); NR(5.88); 910(5.88); Still(5.88); L(5.88); SA(5.88); Dr(5.88); E(5.83); Interstate(5.83); C(5.81); Mo(5.81); No(5.81); B(5.77); D(5.67); S(5.65); AT(5.61); Mun(5.55); V(5.50); Y(5.49); Hy(5.48); Bf(5.48); G(5.39); AI(5.38); P(5.33); 0(5.32); J(5.29); X(5.29); vo(5.29); ik(5.29); yd(5.29),44.9,4.895,,,,10,abbreviations,syntactic,5,abbreviations,mixed,3,abbreviations/letters,mixed
E061,2093,682,healthcare(6.69); gubernatorial(6.69); sonic(6.69); humanitarian(6.69); terrorist(6.69); democratic(6.69); entertainment(6.69); ethnic(6.69); strategic(6.69); educational(6.69); structural(6.69); itarian(6.69); racial(6.69); archaeological(6.69); atorial(6.69); domestic(6.69); technical(6.69); regional(6.69); literary(6.69); historical(6.69); scientific(6.69); industrial(6.69); cultural(6.69); academic(6.69); operational(6.69); imperial(6.69); agricultural(6.69); creative(6.69); architectural(6.69); environmental(6.69); residential(6.69); global(6.69); national(6.69); private(6.69); legal(6.69); civil(6.69); social(6.69); commercial(6.69); personal(6.69); economic(6.69); religious(6.69); financial(6.69); astic(6.69); sexual(6.69); medical(6.69); urban(6.69); physical(6.69); political(6.69); federal(6.65); public(6.61),19.4,5.894,,,,10,policy adjectives,semantic,10,domain adjectives,syntactic,9,domain adjectives,semantic
E062,3078,411,380(6.13); 270(6.13); Eight(6.13); thousand(6.13); fewer(6.13); fourteen(6.13); thirty(6.13); twenty(6.13); 185(6.13); twelve(6.13); Several(6.13); ½(6.13); several(6.13); seven(6.13); six(6.10); many(6.09); eight(6.08); nine(6.07); three(6.07); few(6.06); four(6.05); five(6.02); hundred(5.98); Two(5.94); 150(5.92); Some(5.90); two(5.89); Four(5.89); 60(5.88); 52(5.87); 42(5.81); Many(5.81); sixteen(5.81); 65(5.81); numerous(5.81); 57(5.78); 36(5.75); 140(5.71); 43(5.71); 70(5.69); 300(5.68); ten(5.68); 100(5.64); 58(5.63); 800(5.61); 88(5.54); 67(5.54); 360(5.54); 13(5.50); Three(5.49),38.5,4.857,,,,10,numbers/quantifiers,semantic,10,numbers,syntactic,9,numbers/numerals,syntactic
E063,1969,285,910(6.77); 460(6.77); 380(6.77); 370(6.77); 106(6.77); 160(6.77); 270(6.77); 104(6.77); 230(6.77); 105(6.77); 93(6.77); 140(6.77); sq(6.77); 185(6.77); 600(6.77); ½(6.77); square(6.64); 150(6.57); 88(6.51); 360(6.51); 68(6.45); 57(6.43); 110(6.41); 152(6.36); 02(6.36); 70(6.33); 60(6.33); 32(6.33); 37(6.26); 65(6.26); 40(6.24); 5(6.22); 6(6.22); 0(6.20); 89(6.19); 39(6.19); 300(6.19); 200(6.16); 58(6.15); 400(6.11); 38(6.11); 250(6.10); 47(6.07); 800(6.04); 900(6.04); 45(6.04); 55(6.04); 700(6.04); 750(6.04); 42(6.04),25.9,4.723,,,,10,area/numbers,semantic,10,numeric measures,syntactic,9,numbers/measurements,syntactic
E064,2864,255,avoid(6.23); without(6.08); commit(6.01); involving(6.01); Under(5.97); remove(5.82); regarding(5.82); filed(5.65); causing(5.60); prevent(5.56); wear(5.50); purchase(5.43); suffering(5.43); despite(5.37); using(5.05); suffered(4.85); lacked(4.82); under(4.72); by(4.67); via(4.65); onto(4.65); faced(4.56); experienced(4.50); with(4.36); awarded(4.23); following(4.23); on(4.08); for(4.06); about(4.06); including(3.99); through(3.98); upon(3.77); against(3.71); caused(3.57); after(3.52); use(3.52); into(3.47); from(3.41); like(3.31); of(3.17); On(3.09); over(3.08); Despite(3.01); include(2.96); ating(2.86); received(2.83); towards(2.74); included(2.71); For(2.69); before(2.67),70.1,3.513,,,,8,risk/legal,semantic,6,action/prepositions,mixed,6,purpose/causal preps,syntactic
E065,2826,1132,complexes(6.25); Divisions(6.25); Officials(6.25); teachings(6.25); Reviewers(6.25); Republicans(6.25); sources(6.25); Critics(5.99); boards(5.99); stocks(5.96); highways(5.93); sessions(5.93); armies(5.93); bodies(5.93); watches(5.84); exhibitions(5.84); negotiations(5.84); portions(5.84); sters(5.84); bombers(5.84); ators(5.79); Australians(5.79); powers(5.77); Plans(5.77); none(5.77); levels(5.74); crews(5.67); Germans(5.67); Democrats(5.60); volunteers(5.57); leaders(5.57); prisoners(5.52); warnings(5.52); proceedings(5.52); airmen(5.52); tels(5.52); shelters(5.52); ns(5.52); openly(5.52); Marines(5.50); squadrons(5.48); sails(5.48); remnants(5.45); invasions(5.45); parties(5.45); stones(5.45); parents(5.40); residents(5.36); conspirators(5.36); Mongols(5.34),10.2,6.341,,,,10,plural nouns,semantic,7,plural groups,semantic,7,plural agent nouns,syntactic
E066,2812,793,Virtual(6.26); Internal(6.26); Citizen(6.26); Reconstruction(6.26); Continental(6.26); Action(6.26); Youth(6.26); Revolutionary(6.26); Regional(6.26); Parachute(6.26); Beautiful(6.26); Heavyweight(6.26); Rugby(6.26); Dayton(6.26); Municipal(6.26); Armoured(6.26); Mounted(6.26); Commonwealth(6.26); Labor(6.26); Free(6.26); Military(6.26); Historic(6.26); Wrestling(6.26); Tag(6.26); Lost(6.26); Yellow(6.26); Training(6.26); Services(6.26); Boat(6.26); otic(6.26); Naval(6.26); 13th(6.26); Social(6.26); Woman(6.26); Picture(6.26); Junior(6.26); 3rd(6.26); umber(6.26); Civil(6.26); Football(6.26); Blue(6.26); Eastern(6.26); 4th(6.26); Prime(6.26); Special(6.26); Supreme(6.26); Golden(6.26); Imperial(6.26); Middle(6.26); Central(6.26),12.1,6.004,,,,10,proper noun adj,semantic,4,mixed/unclear,mixed,5,capitalized compound adj,mixed
E067,1669,227,sixteenth(7.01); 12th(7.01); 14th(7.01); tenth(7.01); eighth(7.01); 18th(7.01); 16th(7.01); seventh(7.01); 19th(7.01); fourth(6.90); sixth(6.87); multi(6.75); next(6.69); second(6.66); third(6.65); 20th(6.65); fifth(6.65); 21st(6.60); ninth(6.60); 23rd(6.60); extra(6.53); 13th(6.43); 29th(6.43); 105(6.01); last(5.95); per(5.93); 6th(5.92); 5th(5.90); opening(5.83); final(5.83); 17th(5.79); -(5.79); first(5.77); 7th(5.63); 9th(5.63); 4th(5.60); 2nd(5.51); following(5.43); every(5.30); 15th(5.28); 1st(5.12); 150(5.11); –(5.07); previous(5.06); square(4.87); one(4.84); First(4.81); th(4.63); career(4.51); Second(4.51),74.4,3.648,,,,10,ordinals,semantic,10,ordinals,syntactic,9,ordinal numbers,syntactic
E068,2382,258,"seats(6.50); helped(6.50); cannot(6.50); might(6.50); will(6.50); should(6.50); does(6.50); could(6.46); may(6.45); would(6.45); can(6.38); must(6.33); did(6.31); To(6.15); couldn(6.08); sters(6.08); help(5.91); easily(5.50); to(5.27); not(5.04); continue(4.76); t(4.65); really(4.50); likely(4.28); mountains(4.28); do(4.14); you(3.69); rather(3.56); never(3.29); still(2.98); able(2.96); also(2.23); people(2.18); they(1.76); re(1.71); only(0.99); it(0.49); ""(0.46); that(-0.08); )(-0.62); -(-1.22); and(-2.06); ,(-4.66)",89.5,2.515,,,,9,modals/ability,syntactic,9,modals,syntactic,7,modal verbs,syntactic
E069,2691,1116,Census(6.32); ballot(6.32); Afterwards(6.32); Indeed(6.32); Consequently(6.32); Originally(6.32); Eventually(6.32); Instead(6.32); Thus(6.32); Additionally(6.32); 1956(6.32); Nevertheless(6.32); Then(6.32); Finally(6.32); Meanwhile(6.32); However(6.32); Later(6.19); Soon(6.00); consequence(6.00); Here(6.00); session(5.91); 1884(5.91); hotel(5.91); Somme(5.91); 1950(5.91); 1870(5.84); 1908(5.84); addition(5.77); occasions(5.74); 1901(5.67); 1930s(5.59); dinner(5.59); Tasmania(5.59); 00(5.56); result(5.52); morning(5.52); 1991(5.45); arrest(5.32); 1961(5.32); afternoon(5.32); Today(5.32); 1938(5.32); interview(5.32); 1944(5.32); 1885(5.32); however(5.22); 1917(5.19); 1964(5.15); 1951(5.15); encing(5.10),12.8,6.461,,,,9,discourse markers,syntactic,8,discourse adverbs,syntactic,6,discourse connectives,syntactic
E070,3791,1468,destroy(5.83); removing(5.83); distinguish(5.83); jumping(5.83); hiding(5.83); enhance(5.83); develops(5.83); concentrate(5.83); asing(5.83); keep(5.83); maintain(5.83); establish(5.83); bring(5.83); fill(5.83); expand(5.83); ify(5.83); improve(5.83); investigate(5.83); destroying(5.83); construct(5.83); restore(5.83); preparing(5.83); maintaining(5.83); operates(5.83); capturing(5.83); opposing(5.83); abandon(5.83); deliver(5.83); defend(5.83); creating(5.83); adapt(5.83); deploy(5.83); recover(5.83); strengthen(5.83); bling(5.83); placing(5.83); prepare(5.83); icing(5.83); establishing(5.83); defending(5.83); putting(5.83); identify(5.83); reduce(5.83); raise(5.83); operate(5.83); buy(5.83); raising(5.83); remove(5.83); tested(5.83); threw(5.83),6.0,6.764,,,,10,action verbs,semantic,9,action verbs,syntactic,7,infinitive/action verbs,semantic
E071,2325,957,ceramic(6.53); decorative(6.53); manga(6.53); nude(6.53); historical(6.53); comic(6.53); weekly(6.53); animated(6.53); grossing(6.31); anime(6.31); contemporary(6.27); recent(6.21); favorite(6.17); multiple(6.12); theatrical(6.12); printed(6.12); archaeological(6.12); soap(6.12); guest(6.05); special(6.03); various(5.98); classical(5.95); greatest(5.86); favourite(5.80); thirty(5.80); illegal(5.80); numerous(5.80); digital(5.73); Several(5.73); famous(5.69); strategic(5.69); male(5.64); Victorian(5.53); loud(5.53); fellow(5.53); respective(5.53); atory(5.53); notable(5.53); popular(5.53); best(5.48); affiti(5.36); dark(5.31); arts(5.31); Naruto(5.31); brief(5.31); important(5.29); several(5.29); musical(5.27); Potter(5.24); subsequent(5.21),12.2,6.224,,,,9,arts/media,semantic,6,descriptive adjectives,mixed,7,descriptive adjectives,syntactic
E072,1942,899,unfit(6.79); receptions(6.79); ensued(6.79); relating(6.79); hostile(6.79); preparation(6.79); touchdown(6.79); touchdowns(6.51); varied(6.47); rating(6.43); Tournament(6.38); tries(6.38); order(6.25); responsible(6.21); emphasis(6.21); catches(6.21); enough(6.08); 73(6.06); carries(6.06); repaired(5.95); victory(5.90); 52(5.79); votes(5.79); needed(5.79); failure(5.79); easy(5.79); donated(5.79); available(5.79); damage(5.79); completed(5.75); going(5.69); yards(5.68); failed(5.62); recruited(5.57); importance(5.57); similar(5.57); added(5.54); compared(5.47); removed(5.47); selected(5.47); arrival(5.47); loss(5.40); laps(5.38); converted(5.38); impossible(5.38); lap(5.38); required(5.35); designed(5.35); limited(5.33); damaged(5.33),16.4,6.378,,,,6,sports metrics,semantic,7,sports outcomes,semantic,5,mixed results/nouns,mixed
E073,1404,186,"Each(7.26); This(7.26); this(7.26); That(7.07); Much(6.94); same(6.93); every(6.91); One(6.68); each(6.63); one(6.55); latter(6.43); next(6.21); Another(6.18); neither(6.09); second(5.90); another(5.85); following(5.62); fourth(5.56); similar(5.45); last(5.32); any(5.24); different(5.20); what(5.09); common(5.04); third(4.90); unknown(4.85); previous(4.83); first(4.68); single(4.37); that(4.35); per(4.09); new(3.94); such(3.60); an(3.28); 15(3.07); these(2.79); only(2.16); more(1.90); other(1.75); her(1.36); which(1.19); -(0.42); a(0.10); '(-0.77); ""(-1.03); [PAD](-1.67); the(-1.78)",88.7,3.550,,,,10,demonstratives,syntactic,9,demonstratives,syntactic,8,demonstrative/ordinal,syntactic
E074,2446,1159,stel(6.46); Prosecut(6.46); traw(6.46); Settle(6.46); skirm(6.46); Knock(6.46); float(6.46); receip(6.46); skyscrap(6.46); swear(6.46); spray(6.46); totall(6.46); screw(6.46); allot(6.46); auction(6.46); sting(6.46); treasure(6.46); dot(6.46); punt(6.46); bail(6.46); curtain(6.46); bust(6.46); sprint(6.46); cook(6.46); parking(6.46); refere(6.46); maneuver(6.46); stair(6.46); Cut(6.46); inform(6.46); tag(6.46); cot(6.46); poison(6.46); shield(6.46); petition(6.46); ticket(6.46); curve(6.46); Raid(6.46); slop(6.46); pull(6.46); blow(6.46); fly(6.46); rush(6.46); survey(6.46); pin(6.46); ugg(6.46); pursu(6.46); stitut(6.46); ranch(6.46); pit(6.46),8.2,6.663,,,,9,verb roots,semantic,1,subword fragments,syntactic,3,mixed subwords/nouns,mixed
E075,1207,771,Instead(7.48); memoirs(7.16); 1906(6.74); siege(6.48); scholars(6.48); writes(6.48); explained(6.48); countries(6.48); however(6.30); industry(6.06); Headquarters(5.89); battleships(5.89); 1998(5.74); life(5.52); stating(5.48); television(5.42); stated(5.41); possible(5.36); think(5.31); saying(5.26); series(5.14); century(5.12); past(5.06); 1970(5.06); scene(5.02); commented(4.98); Later(4.96); me(4.96); together(4.89); completed(4.86); hit(4.78); itself(4.73); him(4.68); 2010(4.67); history(4.62); words(4.61); said(4.60); states(4.48); Britain(4.44); 2006(4.36); America(4.36); 2001(4.31); death(4.26); However(4.23); Tour(4.21); country(4.16); 2012(4.16); music(4.12); built(4.09); character(4.05),21.7,6.380,,,,7,history/academic,semantic,4,mixed/unclear,mixed,5,mixed discourse/nouns,mixed
E076,3491,247,intentionally(5.95); rarely(5.95); fairly(5.53); apparently(5.53); being(5.45); similarly(5.36); are(5.31); was(5.25); therefore(5.21); is(5.14); completely(5.07); originally(4.99); Un(4.95); were(4.94); been(4.89); become(4.85); be(4.83); generally(4.78); ically(4.73); partially(4.73); un(4.68); has(4.63); getting(4.53); nearly(4.46); badly(4.36); Have(4.36); already(4.27); became(4.26); usually(4.21); often(4.20); relatively(4.18); mainly(4.14); probably(4.14); had(4.14); almost(4.07); heavily(4.04); becoming(3.95); having(3.92); never(3.91); slightly(3.86); remain(3.83); have(3.82); previously(3.81); now(3.76); mostly(3.68); not(3.65); actually(3.63); too(3.63); eventually(3.63); also(3.44),79.3,3.312,,,,9,adverbs/copula,syntactic,9,be/adverbs,syntactic,7,copula/adverbs,syntactic
E077,4248,1544,Texas(5.66); Egypt(5.66); parish(5.66); Belgium(5.66); territories(5.66); throne(5.66); franchise(5.66); website(5.66); governorship(5.66); Ethiopia(5.66); Afghanistan(5.66); Tournament(5.66); streak(5.66); Cemetery(5.66); garage(5.66); orchestra(5.66); Iraq(5.54); Portland(5.51); Senate(5.49); Speedway(5.40); Airport(5.40); Guatemala(5.40); wreckage(5.40); prison(5.38); bush(5.34); Greece(5.34); Florida(5.34); Brisbane(5.25); superstructure(5.25); France(5.25); Korea(5.25); nomination(5.25); airfield(5.25); purposes(5.25); Guard(5.25); Places(5.25); Bavaria(5.25); Auckland(5.25); Belfast(5.25); Acapulco(5.25); Asia(5.21); Europe(5.20); kingdom(5.18); Angeles(5.18); Forest(5.15); championship(5.15); 1946(5.08); Java(5.08); chart(5.08); schools(5.08),6.2,6.786,,,,9,political/geography,semantic,7,places/institutions,semantic,6,geographic/institutional,semantic
E078,3606,110,plus(5.90); Over(5.61); while(5.22); Among(5.09); and(5.09); except(4.90); although(4.85); than(4.84); perhaps(4.68); though(4.38); least(4.32); including(4.30); as(4.11); As(4.05); Though(4.03); with(3.90); where(3.70); until(3.68); but(3.55); among(3.44); includes(3.32); included(3.25); or(3.10); With(2.95); While(2.90); suffered(2.79); Although(2.58); ;(2.50); For(2.36); only(2.12); by(1.93); like(1.76); when(1.74); early(1.71); after(1.70); –(1.66); so(1.51); all(1.39); over(1.34); later(1.19); are(1.03); then(0.92); /(0.92); before(0.88); for(0.87); were(0.74); which(0.71); along(0.70); that(0.52); into(0.37),93.0,2.031,,,,10,prepositions,syntactic,9,connectives,syntactic,5,conjunctions/comparison,syntactic
E079,2431,1223,basins(6.47); offerings(6.47); springs(6.47); tickets(6.47); qualities(6.47); devices(6.47); prints(6.47); accusations(6.47); flights(6.47); improvements(6.47); items(6.47); programs(6.47); stages(6.47); techniques(6.47); forests(6.47); legislation(6.47); allegations(6.28); trails(6.28); charges(6.21); Also(6.18); roads(6.18); finishes(6.15); toms(6.15); themes(6.15); studies(6.15); duties(6.11); routes(6.11); values(6.05); raids(6.05); logs(6.05); sanctions(6.05); routines(6.05); statements(6.05); findings(6.05); activities(6.05); ards(6.05); elevations(6.05); zones(6.05); vessels(5.98); conditions(5.96); lakes(5.88); ramps(5.88); vehicles(5.88); difficulties(5.88); conflicts(5.88); events(5.79); battles(5.79); bridges(5.79); beats(5.73); steps(5.73),9.4,6.777,,,,9,plural nouns,semantic,9,plural nouns,syntactic,7,plural abstract nouns,semantic
E080,2255,426,aboard(6.58); determine(6.58); destroy(6.58); leaving(6.44); chose(6.36); considering(6.26); whether(6.16); exits(6.16); leave(6.16); likes(6.16); bypassing(5.84); wanted(5.82); how(5.73); replace(5.58); Because(5.58); want(5.39); leaves(5.36); damaging(5.36); calling(5.26); board(5.26); abandon(5.16); left(5.15); inside(4.99); within(4.95); behind(4.89); ordered(4.84); think(4.73); considered(4.63); thought(4.58); onto(4.58); in(4.43); what(4.41); believed(4.36); into(4.31); like(4.31); intended(4.26); felt(4.26); where(4.21); allowed(3.92); through(3.88); So(3.84); outside(3.84); because(3.74); see(3.64); With(3.62); making(3.41); forced(3.36); In(3.32); ating(3.21); across(3.15),47.5,3.859,,,,9,decision/movement,semantic,7,decision verbs,semantic,6,intention/movement verbs,semantic
E081,4054,1571,Tournament(5.73); maneuver(5.73); m2(5.73); Places(5.73); Guard(5.73); Disc(5.73); affiliate(5.73); governorship(5.73); cassette(5.73); kg(5.73); lb(5.73); facility(5.73); Awards(5.73); Console(5.73); Personnel(5.73); commercials(5.73); DVD(5.73); mph(5.64); km(5.60); km2(5.58); cameo(5.47); tackles(5.47); mi(5.45); mm(5.43); metres(5.35); kilometer(5.32); Emperor(5.32); Constitution(5.32); garage(5.32); Period(5.32); knots(5.32); prison(5.27); agreement(5.25); Theatre(5.22); exit(5.22); Senate(5.15); Staff(5.15); sentence(5.15); touchdown(5.15); apping(5.15); CD(5.15); Wing(5.15); album(5.15); Week(5.09); anniversary(5.05); acres(5.00); yd(5.00); throne(5.00); firm(5.00); Expressway(5.00),9.7,6.775,,,,8,technical/formal,semantic,3,mixed/unclear,mixed,4,mixed units/nouns,mixed
E082,1797,65,"!,(6.27); ((5.19); ,(4.53); ),(3.93); Although(3.17); —(3.13); between(2.70); ;(2.57); m(2.36); "",(2.11); New(1.55); from(0.88); –(0.79); in(0.33); )(0.20); for(-0.02); of(-0.07); on(-0.58); with(-0.87); as(-1.01); to(-1.66); -(-1.81); was(-2.15); .(-2.65)",97.3,1.239,,,,10,punctuation/symbols,syntactic,9,punctuation,syntactic,4,punctuation,syntactic
E083,3414,1137,wary(5.98); suspected(5.98); bulk(5.98); Register(5.98); outbreak(5.98); velocity(5.98); regardless(5.98); violation(5.98); Treaty(5.98); Player(5.98); amounts(5.98); Ministry(5.98); consisted(5.98); adaptation(5.98); ratings(5.98); unsure(5.98); pictures(5.98); consisting(5.98); possibility(5.98); consists(5.98); lack(5.98); lots(5.98); amount(5.98); radius(5.98); reign(5.98); stages(5.98); installment(5.98); convicted(5.98); reminiscent(5.98); notion(5.98); favor(5.83); remainder(5.76); southeast(5.72); phase(5.72); Battle(5.72); portion(5.66); edition(5.66); absence(5.66); proportion(5.66); aftermath(5.66); Protection(5.66); ahead(5.66); mix(5.66); demo(5.66); passage(5.66); review(5.64); majority(5.63); edge(5.62); share(5.56); tempo(5.56),9.2,6.364,,,,6,formal nouns/adj,semantic,5,abstract nouns,mixed,6,abstract quantity nouns,semantic
E084,1051,157,"Upper(7.68); Late(7.68); Old(7.68); Middle(7.68); ်(7.68); New(7.68); 譜(7.68); Early(7.51); Hot(7.46); Christmas(7.36); Cold(7.26); Another(7.13); January(6.98); Moving(6.94); April(6.73); 書(6.68); February(6.68); May(6.64); Lower(6.46); March(6.40); Supreme(6.26); [UNK](6.22); December(6.21); High(6.09); South(6.03); November(6.02); August(5.85); June(5.82); July(5.65); Second(5.59); United(5.47); September(4.91); Great(4.81); October(4.79); '(4.40); mid(4.26); In(4.06); :(4.03); North(3.11); early(3.07); along(2.90); A(2.41); -(2.23); of(0.91); in(0.75); s(-0.90); The(-1.20); ,(-1.90)",87.9,3.750,,,,8,time/place prefixes,semantic,8,time terms,semantic,6,temporal/period titles,mixed
E085,3810,1137,refer(5.82); varies(5.82); flown(5.82); retreated(5.82); belonged(5.82); manages(5.82); relating(5.82); appealed(5.82); allocated(5.82); keen(5.82); struggling(5.82); communicate(5.82); want(5.82); relation(5.82); comes(5.82); respond(5.82); referred(5.82); shifted(5.82); sailing(5.82); complained(5.82); tasked(5.82); marched(5.82); unable(5.82); refused(5.82); tried(5.82); transferred(5.82); returning(5.82); trying(5.82); looking(5.82); advanced(5.82); Due(5.82); speak(5.82); goes(5.82); contributed(5.82); charged(5.82); focused(5.82); drawn(5.82); declined(5.82); ranging(5.82); descend(5.82); struggled(5.82); confess(5.82); dressed(5.82); originated(5.82); stationed(5.82); responded(5.82); applied(5.82); adapted(5.82); sailed(5.82); learning(5.82),8.9,6.413,,,,10,relational verbs,semantic,8,action verbs,syntactic,6,action/state verbs,semantic
E086,968,75,"($(7.80); (""(7.61); ((7.50); 370(7.06); sometimes(5.68); As(5.14); [(4.43); –(4.19); /(3.81); :(3.37); ;(3.33); or(3.31); under(3.00); about(2.25); m(2.03); ,(1.65); .(1.27); by(1.04); at(-0.03); in(-0.19); ""(-0.49); as(-0.53); s(-0.78); of(-1.01); and(-1.76)",93.8,1.878,,,,8,symbols/punct,syntactic,7,brackets/punctuation,syntactic,4,parenthetical markers,syntactic
E087,5008,31,"'.""(5.43); .)(5.43); %.(5.43); .""(5.38); "".(5.38); ).(5.35); !.(5.26); .(5.17); ""(1.31); ((-0.77)",99.5,0.582,,,,10,punct clusters,syntactic,10,punctuation,syntactic,6,sentence-end punctuation,syntactic
E088,1343,496,Also(7.04); roadway(6.81); This(6.50); someone(6.33); expressway(6.33); Due(6.33); freeway(6.33); section(6.27); none(6.10); portion(6.00); getting(5.91); neither(5.74); idea(5.74); anything(5.74); get(5.65); alignment(5.59); routing(5.52); version(5.47); little(5.45); Championship(5.40); referred(5.33); So(5.33); segment(5.33); word(5.24); highway(5.23); example(5.00); remaining(5.00); others(4.93); latter(4.91); Head(4.91); change(4.91); another(4.91); scene(4.87); ever(4.80); road(4.78); area(4.76); sections(4.74); those(4.74); ultimately(4.74); still(4.61); location(4.59); but(4.58); performance(4.56); former(4.54); boat(4.52); previously(4.45); community(4.45); less(4.45); then(4.44); First(4.39),27.4,5.400,,,,7,infrastructure/discourse,mixed,7,road terms,semantic,5,discourse/reference,mixed
E089,2398,659,testified(6.49); adds(6.49); Given(6.49); ensured(6.49); insisted(6.49); remarked(6.49); hoped(6.49); commenting(6.49); discovers(6.49); realized(6.49); praising(6.49); complained(6.49); noting(6.49); ensure(6.49); explains(6.49); claiming(6.49); says(6.49); commented(6.49); argued(6.49); recalled(6.49); aware(6.49); saying(6.49); stating(6.49); stated(6.38); believing(6.37); claimed(6.37); suggested(6.34); announced(6.33); say(6.30); asserted(6.30); said(6.24); wrote(6.24); writes(6.23); concluded(6.23); praised(6.21); recommended(6.17); suggests(6.17); calling(6.17); felt(6.09); decided(6.09); remembers(6.07); asks(6.07); explained(6.07); revealed(6.07); describes(6.07); believes(6.07); hoping(6.07); suggesting(6.07); Despite(6.00); believe(6.00),22.0,5.391,,,,10,speech verbs,semantic,10,attribution verbs,semantic,8,speech/claim verbs,semantic
E090,2247,1381,shelters(6.26); documents(6.26); mechanics(6.17); productions(6.17); narrow(6.00); dismissal(5.85); proceedings(5.85); shortages(5.85); fir(5.85); nation(5.85); falls(5.58); movements(5.58); credits(5.58); sails(5.58); concerns(5.45); tower(5.45); ago(5.45); courses(5.36); places(5.36); remix(5.36); invasions(5.36); incidents(5.36); rules(5.36); rings(5.26); movement(5.26); timber(5.17); stance(5.17); Trail(5.17); homes(5.17); ves(5.17); winds(5.17); actions(5.17); corner(5.17); resources(5.17); walk(5.17); streams(5.12); grazing(5.12); stocks(5.12); closed(5.00); businesses(5.00); walls(5.00); weakened(5.00); falling(5.00); routes(5.00); Mountains(4.91); ons(4.88); plot(4.85); dancers(4.85); activity(4.85); conditions(4.85),8.5,6.990,,,,5,plural nouns,semantic,6,plural nouns,mixed,5,plural event nouns,mixed
E091,521,37,"among(5.23); with(4.30); along(3.50); through(3.50); The(3.23); the(3.00); in(2.93); ,(2.56); and(1.86); on(1.62); )(1.57); by(1.52); of(1.11); for(0.96); to(0.59)",95.2,2.244,,,,10,prepositions,syntactic,10,prepositions,syntactic,3,prepositions mixed,syntactic
E092,646,46,"an(8.31); An(7.73); National(5.32); '(1.72); ""(1.68); a(0.37); s(0.22); as(0.05); .(-0.39); the(-2.42)",93.7,1.158,,,,10,indefinite articles,syntactic,10,article an,syntactic,6,indefinite article an,syntactic
E093,2455,163,newly(6.46); been(5.99); were(5.86); was(5.83); being(5.79); partially(5.65); accidentally(5.46); heavily(5.36); increasingly(5.23); eventually(5.13); recently(5.04); be(5.00); completely(5.00); badly(4.87); finally(4.76); Un(4.72); subsequently(4.72); particularly(4.65); almost(4.58); never(4.57); immediately(4.53); rapidly(4.46); soon(4.34); initially(4.25); remained(4.17); very(4.02); also(3.94); still(3.93); originally(3.91); later(3.74); not(3.70); are(3.63); is(3.53); went(3.46); placed(3.46); now(3.40); then(3.39); again(3.36); often(3.25); dis(3.18); re(3.08); became(2.96); ly(2.62); only(2.53); de(2.52); un(2.39); t(1.38); or(1.12); -(0.06); had(-0.95),93.5,2.495,,,,10,passive markers,syntactic,9,temporal adverbs,syntactic,7,passive/adverb markers,syntactic
E094,1102,69,""";(7.61); :(7.60); ;(7.41); entitled(7.20); );(7.20); titled(6.76); –(5.79); —(5.19); although(4.44); only(3.68); ,(3.50); including(3.16); after(2.95); until(2.80); As(2.63); about(2.48); ((2.42); US(1.96); which(1.54); over(1.46); that(1.17); .(1.08); as(0.69); by(0.18); -(0.11); with(-0.17); of(-1.04); ""(-1.09); and(-1.10)",95.0,2.354,,,,8,formal punct,syntactic,8,punctuation/titles,syntactic,6,punctuation/listing,syntactic
E095,2753,97,"The(5.01); entire(4.38); ranked(4.15); the(4.06); English(3.71); N(3.46); TNA(3.16); 2011(2.92); original(2.63); New(2.10); former(2.09); their(1.76); an(1.22); its(1.09); his(1.04); s(1.04); 12(0.90); -(-0.01); )(-0.83); '(-1.26); ""(-2.00); that(-2.03); a(-2.72)",96.9,1.171,,,,6,determiners/formal,mixed,3,mixed/unclear,mixed,3,articles/determiners,mixed
E096,2888,1368,Javan(6.22); Holm(6.22); skyscrap(6.22); Calder(6.22); glam(6.22); blade(6.22); aguar(6.22); mead(6.22); Pod(6.22); dust(6.22); metro(6.22); neth(6.22); cotton(6.22); Guatemal(6.22); sham(6.22); Count(6.22); pine(6.22); eland(6.22); Indones(6.22); horn(6.22); mini(6.22); fin(6.22); fir(6.22); Maya(6.16); oak(6.13); ropol(6.10); fu(6.00); Classic(5.97); ranch(5.96); blues(5.96); lava(5.96); Bam(5.93); ali(5.93); lig(5.86); pop(5.84); Canberra(5.81); Pyramid(5.81); mercury(5.81); Wake(5.81); slop(5.81); green(5.81); Wind(5.81); haz(5.81); comb(5.81); Kok(5.76); Highland(5.74); ray(5.74); stair(5.74); sel(5.74); ack(5.71),9.7,6.768,,,,10,noun roots,semantic,2,subword/name mix,mixed,3,mixed subwords/nouns,mixed
E097,619,129,"My(7.44); Historic(7.27); Best(7.03); [UNK](6.40); No(5.64); described(5.48); placed(5.44); De(5.38); :(5.11); John(5.02); US(5.01); Route(4.85); like(4.72); named(4.57); ‑(4.57); /(4.46); Z(4.39); against(4.14); with(3.83); New(3.67); of(3.63); ).(3.35); by(3.21); .(2.46); from(2.41); )(2.32); -(2.14); The(1.68); on(1.54); for(1.52); ""(1.32); s(0.61); to(0.05); the(-2.36)",81.1,3.578,,,,5,mixed proper nouns,mixed,3,mixed/unclear,mixed,4,mixed titles/names,mixed
E098,966,350,Type(7.80); pounder(7.80); pound(7.63); torpedo(7.54); inch(6.87); aft(6.80); normal(6.58); secondary(6.22); steam(6.06); submarine(5.93); mounted(5.89); gun(5.65); fired(5.55); Her(5.48); using(5.04); main(4.88); her(4.71); shot(4.69); six(4.66); light(4.63); mm(4.59); naval(4.34); four(4.34); single(4.10); heavy(3.89); served(3.74); 15(3.60); small(3.55); long(3.53); 16(3.41); built(3.41); made(3.37); two(3.36); 12(3.15); with(3.11); 6(3.10); three(3.09); )(3.00); ed(2.97); -(2.89); 9(2.86); 4(2.69); by(2.44); only(2.29); their(2.16); of(1.98); into(1.95); at(1.71); and(1.68); 2(1.67),47.5,5.005,,,,10,naval technical,semantic,10,naval armament,semantic,8,naval/military weapons,semantic
E099,2107,882,tapes(6.68); myself(6.68); nothing(6.68); something(6.48); seemed(6.41); victim(6.35); anybody(6.26); anything(6.09); everything(6.09); someone(6.00); you(5.94); situation(5.90); herself(5.80); look(5.68); them(5.66); themselves(5.51); it(5.49); him(5.46); characters(5.45); enemies(5.45); script(5.35); audience(5.35); thing(5.26); Indians(5.26); guests(5.26); voice(5.26); lyrics(5.26); religion(5.17); appear(5.09); money(5.09); plane(5.09); idea(5.09); me(4.96); economy(4.94); SpongeBob(4.87); come(4.84); alone(4.80); act(4.77); seems(4.77); Michael(4.74); there(4.68); movie(4.68); thought(4.68); body(4.59); words(4.54); might(4.51); acting(4.51); song(4.48); ball(4.43); Turner(4.32),28.2,5.924,,,,8,indefinite/psychology,semantic,6,pronouns/indefinites,syntactic,7,narrative pronouns/nouns,semantic
